{
  "epochs": [
    1,
    2,
    3,
    4,
    5,
    6,
    7,
    8,
    9,
    10,
    11,
    12,
    13,
    14,
    15,
    16,
    17,
    18,
    19,
    20
  ],
  "g_loss": [
    2.4739788472652435,
    1.6677534341812135,
    1.6124283790588378,
    1.4887410938739776,
    1.4342377841472627,
    1.483405315876007,
    1.4461175322532653,
    1.4217878729104996,
    1.312743854522705,
    1.348067080974579,
    1.2654890328645707,
    1.2564910411834718,
    1.2475312054157257,
    1.241965252161026,
    1.234278616309166,
    1.2500684529542923,
    1.1715363711118698,
    1.192567452788353,
    1.173370721936226,
    1.1936453491449357
  ],
  "d_loss": [
    0.8033415794372558,
    0.7543214946985245,
    0.6999958276748657,
    0.7017986863851547,
    0.7031567364931106,
    0.6879140168428421,
    0.658428630232811,
    0.7192561119794846,
    0.6795718044042587,
    0.7007748305797576,
    0.6753016650676728,
    0.6640069037675858,
    0.6684145033359528,
    0.6519142359495163,
    0.6726841330528259,
    0.6748143017292023,
    0.6409631639719009,
    0.6179862499237061,
    0.6091395735740661,
    0.6062065228819847
  ],
  "l1_loss": [
    0.7036662489175797,
    0.5152565449476242,
    0.5390736311674118,
    0.5125231191515922,
    0.4961568608880043,
    0.5228110536932945,
    0.5143651247024537,
    0.5046486794948578,
    0.4673570811748505,
    0.48653611317276957,
    0.4547374740242958,
    0.4486250042915344,
    0.45533369183540345,
    0.45129175633192065,
    0.45098015367984773,
    0.4609725132584572,
    0.42363546788692474,
    0.4392960906028748,
    0.43651674389839173,
    0.4378957599401474
  ],
  "ssim_loss": [
    0.7629517912864685,
    0.557783442735672,
    0.5777063101530076,
    0.5247673511505127,
    0.5060318171977997,
    0.5467552334070206,
    0.5051827400922775,
    0.5040080457925796,
    0.45484793484210967,
    0.487730011343956,
    0.43899808526039125,
    0.4328624099493027,
    0.4435095816850662,
    0.4246424585580826,
    0.432960444688797,
    0.4400859385728836,
    0.38798557221889496,
    0.41434051990509035,
    0.3874430388212204,
    0.409282848238945
  ],
  "perceptual_loss": [
    13.80181872844696,
    8.64029893875122,
    7.771479630470276,
    7.063685882091522,
    6.774479269981384,
    6.795268440246582,
    6.698355722427368,
    6.564607572555542,
    6.10091894865036,
    6.0941519975662235,
    5.8328989267349245,
    5.832421457767486,
    5.620615899562836,
    5.697444760799408,
    5.583490300178528,
    5.603613781929016,
    5.450429701805115,
    5.367936503887177,
    5.334446775913238,
    5.411120212078094
  ],
  "adversarial_loss": [
    0.8654830247163773,
    0.9575263381004333,
    0.7353612095117569,
    0.7465702384710312,
    0.7617067515850067,
    0.7689793407917023,
    0.9325484961271286,
    0.8674413442611695,
    0.7870913326740265,
    0.825074753165245,
    0.7962607741355896,
    0.8192686706781387,
    0.8381105661392212,
    0.8607794642448425,
    0.8469200193881988,
    0.8691567063331604,
    0.8865128427743911,
    0.930744218826294,
    0.9687760502099991,
    0.9996112555265426
  ],
  "total_loss": [
    2.4739788472652435,
    1.6677534341812135,
    1.6124283790588378,
    1.4887410938739776,
    1.4342377841472627,
    1.483405315876007,
    1.4461175322532653,
    1.4217878729104996,
    1.312743854522705,
    1.348067080974579,
    1.2654890328645707,
    1.2564910411834718,
    1.2475312054157257,
    1.241965252161026,
    1.234278616309166,
    1.2500684529542923,
    1.1715363711118698,
    1.192567452788353,
    1.173370721936226,
    1.1936453491449357
  ],
  "val_qnmi": [
    0.1508071116774837,
    0,
    0,
    0,
    0.23045881032367235,
    0,
    0,
    0,
    0,
    0.2042464607617306,
    0,
    0,
    0,
    0,
    0.22940977711029098,
    0,
    0,
    0,
    0,
    0.23266396528110111
  ],
  "val_qg": [
    0.48024187088012693,
    0,
    0,
    0,
    0.5938424348831177,
    0,
    0,
    0,
    0,
    0.6463724136352539,
    0,
    0,
    0,
    0,
    0.6409366369247437,
    0,
    0,
    0,
    0,
    0.7062772035598754
  ],
  "val_qcb": [
    0.6576219632151025,
    0,
    0,
    0,
    0.9064536699308029,
    0,
    0,
    0,
    0,
    0.8517768973153974,
    0,
    0,
    0,
    0,
    0.9076988296450589,
    0,
    0,
    0,
    0,
    0.9341961752299921
  ],
  "val_qpiella": [
    0.31529408097267153,
    0,
    0,
    0,
    0.5425000488758087,
    0,
    0,
    0,
    0,
    0.5056994557380676,
    0,
    0,
    0,
    0,
    0.6010146498680115,
    0,
    0,
    0,
    0,
    0.624799382686615
  ],
  "val_ssim": [
    0.3045881986618042,
    0,
    0,
    0,
    0.5583513081073761,
    0,
    0,
    0,
    0,
    0.5398395299911499,
    0,
    0,
    0,
    0,
    0.6469053268432617,
    0,
    0,
    0,
    0,
    0.6642661690711975
  ],
  "val_psnr": [
    0.4763521373271942,
    0,
    0,
    0,
    4.019805288314819,
    0,
    0,
    0,
    0,
    3.1108606576919557,
    0,
    0,
    0,
    0,
    4.370046091079712,
    0,
    0,
    0,
    0,
    4.1767885208129885
  ],
  "val_combined_score": [
    0.38171064508143776,
    0.0,
    0.0,
    0.0,
    0.5663212544241556,
    0.0,
    0.0,
    0.0,
    0.0,
    0.5495869514883199,
    0.0,
    0.0,
    0.0,
    0.0,
    0.6051930440782733,
    0.0,
    0.0,
    0.0,
    0.0,
    0.6324405791657562
  ],
  "lr_generator": [
    0.001,
    0.00088,
    0.00088,
    0.0007744000000000001,
    0.0007744000000000001,
    0.000681472,
    0.000681472,
    0.00059969536,
    0.00059969536,
    0.0005277319168,
    0.0005277319168,
    0.000464404086784,
    0.000464404086784,
    0.00040867559636991997,
    0.00040867559636991997,
    0.00035963452480552955,
    0.00035963452480552955,
    0.000316478381828866,
    0.000316478381828866,
    0.0002785009760094021
  ],
  "lr_discriminator": [
    0.001,
    0.00088,
    0.00088,
    0.0007744000000000001,
    0.0007744000000000001,
    0.000681472,
    0.000681472,
    0.00059969536,
    0.00059969536,
    0.0005277319168,
    0.0005277319168,
    0.000464404086784,
    0.000464404086784,
    0.00040867559636991997,
    0.00040867559636991997,
    0.00035963452480552955,
    0.00035963452480552955,
    0.000316478381828866,
    0.000316478381828866,
    0.0002785009760094021
  ],
  "epoch_time": [
    63.64375710487366,
    41.74149203300476,
    41.8086199760437,
    42.87252402305603,
    61.644814014434814,
    42.37822365760803,
    40.276756048202515,
    45.703107833862305,
    50.04592776298523,
    66.73866534233093,
    49.392618894577026,
    71.37128496170044,
    62.75896978378296,
    55.66955280303955,
    53.494473934173584,
    40.05850005149841,
    62.93510913848877,
    54.11740803718567,
    47.18577980995178,
    65.70414400100708
  ]
}